"","Stock","fit","se","lower","upper"
"1","Coast",0.726477399468653,0.00269163976682419,0.721170283726447,0.731721079431905
"2","Est",0.672456329157838,0.00312853972724296,0.66629532261373,0.678558463635478
