"","model","a","lambda"
"1","y ~ a * x^(-lambda)",0.587364091432158,-0.520913554797129
