"","Stock","fit","se","lower","upper"
"1","Coast",5.20907344199031,0.909901374071439,3.66946481514679,7.39466039081325
"2","Est",6.39535057040257,0.629441558420043,5.24965433529587,7.79108609939426
